------------------------------------------------------------------------------------,,,,,,,,,,,
导出信息：,,,,,,,,,,,
姓名：胡培刚,,,,,,,,,,,
支付宝账户：1360326757@qq.com,,,,,,,,,,,
起始时间：[2026-01-01 00:00:00]    终止时间：[2026-02-28 23:59:59],,,,,,,,,,,
导出交易类型：[全部],,,,,,,,,,,
导出时间：[2026-05-17 09:46:43],,,,,,,,,,,
共179笔记录,,,,,,,,,,,
收入：10笔 1.59元,,,,,,,,,,,
支出：57笔 1814.24元,,,,,,,,,,,
不计收支：112笔 4403.27元,,,,,,,,,,,
,,,,,,,,,,,
特别提示：,,,,,,,,,,,
1.本回单内容可表明支付宝受理了相应支付交易申请，因系统原因或通讯故障等偶发因素导致本回单与实际交易结果不符时，以实际交易情况为准；,,,,,,,,,,,
2.请勿将本回单作为收款方发货的凭据使用，请查证账户实际到账情况后再进行发货操作；,,,,,,,,,,,
3.支付宝快捷支付等非余额支付方式可能既产生支付宝交易也同步产生银行交易，因此请勿使用本回单进行重复记账；,,,,,,,,,,,
4.本回单如经任何涂改、编造，均立即失去效力；,,,,,,,,,,,
5.部分账单如：充值提现、账户转存或者个人设置收支等不计入为收入或者支出，记为不计收支类；,,,,,,,,,,,
6.因统计逻辑不同，明细金额直接累加后，可能会和下方统计金额不一致，请以实际交易金额为准；,,,,,,,,,,,
7.禁止将本回单用于非法用途；,,,,,,,,,,,
8.本明细仅供个人对账使用。,,,,,,,,,,,
,,,,,,,,,,,
------------------------支付宝支付科技有限公司  电子客户回单------------------------,,,,,,,,,,,
交易时间,交易分类,交易对方,对方账号,商品说明,收/支,金额,收/付款方式,交易状态,交易订单号,商家订单号,备注
2026/2/28 11:12,文化休闲,lr**e,286***@qq.com,直径2-40CM亚克力球透明球塑料球空心圆球罩婚礼商场装饰圆球挂件,支出,0.46,花呗,交易成功,"2026022822001164081420998681	","T200P3266703265089141155	",
2026/1/1 11:43,投资理财,余额宝,efu***@efunds.com.cn,余额宝-自动转入,不计收支,0.16,账户余额,交易成功,"20260101019130101000080011287724	","20260101009130501000080005880331	",
2026/1/1 3:40,投资理财,易方达增金宝A,/,余额宝-2025.12.31-收益发放,不计收支,0.14,余额宝,交易成功,"20260101382555309081	","	",
